book_id,chap_num,PC0,PC1,PC2,PC3,PC4,PC5,PC6,PC7,PC8,PC9,title,chapter_regex,book_len,n_chaps,kendall_sum,doc
1,1.0,-0.07769083259224935,-0.00948433751186672,-0.15362671409982126,0.04671079426253712,-0.1458076225318722,-0.10404673045416422,-0.023179384282297707,-0.16655357604215898,0.11878877546928841,0.052797493081664364,Harry Potter and the Sorcerer's Stone,^\s*([A-Z'\s]+|[A-Z\s]+)\s*,80277,17,1.5126863709138716,Harry Potter and the Sorcerer's Stone 1.0
1,2.0,-0.19786094382701838,-0.124450323979633,-0.06358530003884444,0.017786744988979607,0.014053753930661585,0.053039255464692445,-0.410522943328113,-0.15436452538940268,-0.33468328078951726,0.02076396672877331,Harry Potter and the Sorcerer's Stone,^\s*([A-Z'\s]+|[A-Z\s]+)\s*,80277,17,1.5126863709138716,Harry Potter and the Sorcerer's Stone 2.0
1,3.0,-0.07610367959339864,0.018462619299992402,-0.25832606711326955,0.12463618264432583,-0.13967857580181198,0.06194064355028368,-0.2501632528947385,-0.27596827177146854,-0.007534648078253924,0.008870644951030359,Harry Potter and the Sorcerer's Stone,^\s*([A-Z'\s]+|[A-Z\s]+)\s*,80277,17,1.5126863709138716,Harry Potter and the Sorcerer's Stone 3.0
1,4.0,0.6897912616989099,-0.4317477872306966,-0.13160922719205556,-0.09828977005341455,-0.13854283038119153,-0.06545361749657555,-0.044334317378999226,-0.0886673454842453,-0.03960610514492575,0.10667788199069221,Harry Potter and the Sorcerer's Stone,^\s*([A-Z'\s]+|[A-Z\s]+)\s*,80277,17,1.5126863709138716,Harry Potter and the Sorcerer's Stone 4.0
1,5.0,0.5279629225876838,-0.26346795406868184,-0.20731297882888386,-0.043656753949064514,-0.06827175463384269,-0.13676822129815,-0.09678258855306632,0.04469090283122504,0.018064842616419732,0.11567855290503481,Harry Potter and the Sorcerer's Stone,^\s*([A-Z'\s]+|[A-Z\s]+)\s*,80277,17,1.5126863709138716,Harry Potter and the Sorcerer's Stone 5.0
1,6.0,0.00026222344926442667,0.04080558730935768,-0.2067749001240749,0.2882097728146532,0.16957457630522615,-0.43174664319508377,0.020547847817171866,0.05813359554474336,-0.16287957235759448,-0.09233838181428436,Harry Potter and the Sorcerer's Stone,^\s*([A-Z'\s]+|[A-Z\s]+)\s*,80277,17,1.5126863709138716,Harry Potter and the Sorcerer's Stone 6.0
1,7.0,-0.008438655631299473,0.1272064928787232,0.07806575546736472,0.020243009162177028,0.19948079103376407,-0.2756363142368935,-0.017511544184459264,0.07761884946744926,-0.06140945926216126,0.19292977101255893,Harry Potter and the Sorcerer's Stone,^\s*([A-Z'\s]+|[A-Z\s]+)\s*,80277,17,1.5126863709138716,Harry Potter and the Sorcerer's Stone 7.0
1,8.0,0.16450569704125173,0.21787453259586995,0.0038450983191192136,-0.18261299162499797,0.19700820048881776,0.03189330153677193,-0.14339208994950148,-0.1491039788003946,-0.08042251299273798,0.15177744446131763,Harry Potter and the Sorcerer's Stone,^\s*([A-Z'\s]+|[A-Z\s]+)\s*,80277,17,1.5126863709138716,Harry Potter and the Sorcerer's Stone 8.0
1,9.0,0.08643649077538824,0.1706137436166047,0.26662827006358714,0.30311790790629056,0.04752515808911527,-0.032124924774113106,-0.0538284828263776,-0.11559633712530626,-0.0033253002793887966,0.24039895978855885,Harry Potter and the Sorcerer's Stone,^\s*([A-Z'\s]+|[A-Z\s]+)\s*,80277,17,1.5126863709138716,Harry Potter and the Sorcerer's Stone 9.0
1,10.0,0.10569305203766957,0.22268010552511305,0.22379868299734076,0.2648117842263644,-0.07133034191616709,0.08740344357434576,-0.030468393046073662,-0.0401128543050361,-0.05058461638456879,0.03580364246719164,Harry Potter and the Sorcerer's Stone,^\s*([A-Z'\s]+|[A-Z\s]+)\s*,80277,17,1.5126863709138716,Harry Potter and the Sorcerer's Stone 10.0
1,11.0,0.15771014924444407,0.1377959487525387,0.25676118456870145,0.39074574763581127,-0.2024370886308746,0.0798122729360416,-0.011969615420199864,0.07407333097087158,-0.04717306098393871,0.028080216428213033,Harry Potter and the Sorcerer's Stone,^\s*([A-Z'\s]+|[A-Z\s]+)\s*,80277,17,1.5126863709138716,Harry Potter and the Sorcerer's Stone 11.0
1,12.0,0.023550498277049862,0.0374367922380163,-0.009858574820287463,-0.012774028485009813,-0.0918138156666798,-0.08688221403914217,-0.022452515580219965,0.09138001323649753,-0.03184490583947227,-0.035149239074544994,Harry Potter and the Sorcerer's Stone,^\s*([A-Z'\s]+|[A-Z\s]+)\s*,80277,17,1.5126863709138716,Harry Potter and the Sorcerer's Stone 12.0
1,13.0,0.12108647017619799,0.17164913546474547,0.24210598772812367,0.3307486411640458,-0.1726064263704084,0.04734437824556952,0.027320661733360885,0.14024514588313597,-0.15390367020214635,-0.08596708992412204,Harry Potter and the Sorcerer's Stone,^\s*([A-Z'\s]+|[A-Z\s]+)\s*,80277,17,1.5126863709138716,Harry Potter and the Sorcerer's Stone 13.0
1,14.0,0.4275272779689021,-0.21775815915533536,-0.034477291172435726,-0.021485825556545726,-0.06146167946756512,0.03654809951237802,-0.1793032702270169,0.14660435028090973,0.18078445055890038,0.06766632320778043,Harry Potter and the Sorcerer's Stone,^\s*([A-Z'\s]+|[A-Z\s]+)\s*,80277,17,1.5126863709138716,Harry Potter and the Sorcerer's Stone 14.0
1,15.0,0.4637207504393883,-0.32876944738009484,0.13202167375324433,-0.06408211665993048,-0.046498420379722356,0.0378831670079217,-0.016579750697793674,-0.04101305789178346,-0.07399061223450142,-0.24563848106639072,Harry Potter and the Sorcerer's Stone,^\s*([A-Z'\s]+|[A-Z\s]+)\s*,80277,17,1.5126863709138716,Harry Potter and the Sorcerer's Stone 15.0
1,16.0,0.196184424676472,-0.046640133470898536,0.13746079362047547,0.04871040454184059,-0.004854333762792915,-0.017757147123501217,-0.11423315480484895,-0.003234297133041325,0.16784006988240202,0.11146127922066962,Harry Potter and the Sorcerer's Stone,^\s*([A-Z'\s]+|[A-Z\s]+)\s*,80277,17,1.5126863709138716,Harry Potter and the Sorcerer's Stone 16.0
1,17.0,0.07985292910395872,-0.0864952326880832,0.09698613119084026,-0.135345000321274,-0.2665086794083626,-0.12458473939083141,0.053214608829786125,0.03087340898990176,-0.10835975161517333,0.028976063504854987,Harry Potter and the Sorcerer's Stone,^\s*([A-Z'\s]+|[A-Z\s]+)\s*,80277,17,1.5126863709138716,Harry Potter and the Sorcerer's Stone 17.0
2,1.0,-0.11256211331899581,0.004958454255013026,-0.23946253702583548,0.16838614444719668,-0.14554923753673865,0.0919633560193628,-0.16767586588617162,-0.09563463953087815,-0.03556140330967749,0.005153644586341984,Harry Potter and the Chamber of Secrets,"^[^\S
]*([A-Z][^a-z]*)((?:
(?![^\S
]*[A-Z][^a-z
]*$).*)*)$",88098,18,1.470394615014049,Harry Potter and the Chamber of Secrets 1.0
2,2.0,-0.08662967565633858,0.21521185392481373,0.04745529314844993,-0.30348132192629185,-0.49920561282164644,-0.3893236789495571,-0.16071510293370017,-0.22391145263870318,0.07634930407336771,-0.10697766113539102,Harry Potter and the Chamber of Secrets,"^[^\S
]*([A-Z][^a-z]*)((?:
(?![^\S
]*[A-Z][^a-z
]*$).*)*)$",88098,18,1.470394615014049,Harry Potter and the Chamber of Secrets 2.0
2,3.0,-0.06255495068020064,0.019371020111220244,-0.2227873833403174,0.18233244867902704,-0.10549355871995363,-0.03485447919467046,-0.17638326689253178,0.030540022217149295,-0.008857414361856651,-0.071729891165588,Harry Potter and the Chamber of Secrets,"^[^\S
]*([A-Z][^a-z]*)((?:
(?![^\S
]*[A-Z][^a-z
]*$).*)*)$",88098,18,1.470394615014049,Harry Potter and the Chamber of Secrets 3.0
2,4.0,0.1288095036990821,0.008263338734549708,-0.19788590423030855,-0.004149517355264866,-0.14765453860548197,-0.061331863328436,-0.08391476467298478,0.0972350148205773,0.06510943098244083,0.08955599314922018,Harry Potter and the Chamber of Secrets,"^[^\S
]*([A-Z][^a-z]*)((?:
(?![^\S
]*[A-Z][^a-z
]*$).*)*)$",88098,18,1.470394615014049,Harry Potter and the Chamber of Secrets 4.0
2,5.0,-0.05362220181365713,0.0007672764449425003,-0.04439812000008725,0.20809139914397162,0.20651909417320427,-0.35765286394214235,0.01299324232668361,0.033517074265105466,-0.05886457152871119,-0.129303894609503,Harry Potter and the Chamber of Secrets,"^[^\S
]*([A-Z][^a-z]*)((?:
(?![^\S
]*[A-Z][^a-z
]*$).*)*)$",88098,18,1.470394615014049,Harry Potter and the Chamber of Secrets 5.0
2,6.0,0.02261992310182028,0.1599412431154134,-0.037708102470398165,-0.02958109988870312,0.1722573294925923,0.09868870365965007,-0.09724783251163932,-0.07427074745499118,0.0498928676579667,-0.022686563163657913,Harry Potter and the Chamber of Secrets,"^[^\S
]*([A-Z][^a-z]*)((?:
(?![^\S
]*[A-Z][^a-z
]*$).*)*)$",88098,18,1.470394615014049,Harry Potter and the Chamber of Secrets 6.0
2,7.0,0.4117863127779765,0.028257198385936003,0.15028151979657497,0.2712778416942521,-0.18680843884223872,0.049072389656341205,0.046693413891080185,0.05284102357787421,-0.15533111609745767,0.044246084231635084,Harry Potter and the Chamber of Secrets,"^[^\S
]*([A-Z][^a-z]*)((?:
(?![^\S
]*[A-Z][^a-z
]*$).*)*)$",88098,18,1.470394615014049,Harry Potter and the Chamber of Secrets 7.0
2,8.0,0.003474836247864418,0.2336912210410455,0.17679554481302379,-0.06992465477279748,0.035739652381209616,-0.22392688347268197,-0.11796575235286053,-0.15166041757344412,0.09850534598387815,0.2569363464782396,Harry Potter and the Chamber of Secrets,"^[^\S
]*([A-Z][^a-z]*)((?:
(?![^\S
]*[A-Z][^a-z
]*$).*)*)$",88098,18,1.470394615014049,Harry Potter and the Chamber of Secrets 8.0
2,9.0,0.004714189759413859,0.2309858541389988,0.023886869245535375,-0.10859226008704594,0.11576239162706274,0.000956067973108831,-0.01597379029422443,-0.04386143970689389,-0.04961721466571794,0.044813796164661406,Harry Potter and the Chamber of Secrets,"^[^\S
]*([A-Z][^a-z]*)((?:
(?![^\S
]*[A-Z][^a-z
]*$).*)*)$",88098,18,1.470394615014049,Harry Potter and the Chamber of Secrets 9.0
2,10.0,0.030135073469676428,0.30311947910945913,0.2728255123665102,-0.05855092918122547,-0.317549698446401,-0.1727037915059802,-0.07698161554118314,-0.03326019813575108,-0.026229372767746662,-0.053365576516539004,Harry Potter and the Chamber of Secrets,"^[^\S
]*([A-Z][^a-z]*)((?:
(?![^\S
]*[A-Z][^a-z
]*$).*)*)$",88098,18,1.470394615014049,Harry Potter and the Chamber of Secrets 10.0
2,11.0,-0.015586902649340005,-0.013487864965572013,0.19277679080532395,-0.08048415485719344,0.24163787278600693,0.0010266721342062288,-0.2929881892614138,-0.05181572123484461,-0.30157479414205796,0.19612146402754704,Harry Potter and the Chamber of Secrets,"^[^\S
]*([A-Z][^a-z]*)((?:
(?![^\S
]*[A-Z][^a-z
]*$).*)*)$",88098,18,1.470394615014049,Harry Potter and the Chamber of Secrets 11.0
2,12.0,0.01144089367080676,0.10534545097406717,0.06542716684973068,-0.07325492269031808,0.06337045731507941,-0.05219505716033799,-0.01839078938977077,0.07551570659703512,-0.0323228184502513,0.12169481089905639,Harry Potter and the Chamber of Secrets,"^[^\S
]*([A-Z][^a-z]*)((?:
(?![^\S
]*[A-Z][^a-z
]*$).*)*)$",88098,18,1.470394615014049,Harry Potter and the Chamber of Secrets 12.0
2,13.0,0.04804122187446651,0.19342214589156156,0.0619554357400334,-0.14110937957484762,-0.016489860321969682,-0.011344617908303893,-0.017355955970891866,-0.07328217142620816,-0.007643134841478183,-0.018410259713573518,Harry Potter and the Chamber of Secrets,"^[^\S
]*([A-Z][^a-z]*)((?:
(?![^\S
]*[A-Z][^a-z
]*$).*)*)$",88098,18,1.470394615014049,Harry Potter and the Chamber of Secrets 13.0
2,14.0,0.2881640905004895,0.023067620358565848,0.05210772512189327,0.062054984479300225,-0.03820021014612879,-0.015334590907268514,0.030228956499775642,0.052285908017265195,-0.06963901002563877,0.07887119342999528,Harry Potter and the Chamber of Secrets,"^[^\S
]*([A-Z][^a-z]*)((?:
(?![^\S
]*[A-Z][^a-z
]*$).*)*)$",88098,18,1.470394615014049,Harry Potter and the Chamber of Secrets 14.0
2,15.0,0.02081060031466169,-0.08382596143054812,0.1941881007627363,-0.10363766260226803,0.11509979984482221,-0.027374656307826067,-0.06998470307453358,-0.10389864981042723,-0.039944923633944536,-0.4081175880237717,Harry Potter and the Chamber of Secrets,"^[^\S
]*([A-Z][^a-z]*)((?:
(?![^\S
]*[A-Z][^a-z
]*$).*)*)$",88098,18,1.470394615014049,Harry Potter and the Chamber of Secrets 15.0
2,16.0,-0.09735823420470663,-0.005257843986748646,0.12302448598828891,-0.12280522524946086,0.12451294842030586,-0.025469637597509247,-0.12770641295497467,0.0014647508871394668,-0.18705607453211284,-0.05601633999365458,Harry Potter and the Chamber of Secrets,"^[^\S
]*([A-Z][^a-z]*)((?:
(?![^\S
]*[A-Z][^a-z
]*$).*)*)$",88098,18,1.470394615014049,Harry Potter and the Chamber of Secrets 16.0
2,17.0,-0.12207198014808851,-0.10850497297651503,0.13931106730762943,-0.010601889826975724,0.12396340322380403,-0.09850859849069642,-0.038506158956971404,0.02724442426520107,-0.1155013375160144,-0.001600946685596051,Harry Potter and the Chamber of Secrets,"^[^\S
]*([A-Z][^a-z]*)((?:
(?![^\S
]*[A-Z][^a-z
]*$).*)*)$",88098,18,1.470394615014049,Harry Potter and the Chamber of Secrets 17.0
2,18.0,-0.08029116218602361,0.07743299213519912,0.008599859038989391,-0.08762786386123222,0.02631482654421975,-0.017668601090884764,0.11736042816594927,0.014231846846454524,-0.1011149930887693,0.006675640724221391,Harry Potter and the Chamber of Secrets,"^[^\S
]*([A-Z][^a-z]*)((?:
(?![^\S
]*[A-Z][^a-z
]*$).*)*)$",88098,18,1.470394615014049,Harry Potter and the Chamber of Secrets 18.0
3,1.0,-0.05325427725977616,0.08714575015692472,-0.2567780589789669,0.08314036979921592,-0.10322878895707094,0.13294502876270067,-0.11632134700244233,-0.06980291961589216,0.02291387278867973,-0.0880372937701005,Harry Potter and the Prisoner of Azkaban,"^[^\S
]*([A-Z][^a-z]*)((?:
(?![^\S
]*[A-Z][^a-z
]*$).*)*)$",110954,22,1.4608323435695214,Harry Potter and the Prisoner of Azkaban 1.0
3,2.0,-0.11032373827797516,-0.004282604227591434,-0.22557146030068428,0.15977809341531404,-0.13050759744052748,0.006497485962599192,-0.13044926158417944,-0.0932776411014831,-0.016126236097885164,0.024748723320071886,Harry Potter and the Prisoner of Azkaban,"^[^\S
]*([A-Z][^a-z]*)((?:
(?![^\S
]*[A-Z][^a-z
]*$).*)*)$",110954,22,1.4608323435695214,Harry Potter and the Prisoner of Azkaban 2.0
3,3.0,-0.0766737170788915,-0.016685917215835837,-0.17682177215870984,0.09848702627851554,0.04278069195036191,-0.07946875293475061,-0.10684962153586394,0.002316302782237452,0.09778167662491234,0.030311094092045028,Harry Potter and the Prisoner of Azkaban,"^[^\S
]*([A-Z][^a-z]*)((?:
(?![^\S
]*[A-Z][^a-z
]*$).*)*)$",110954,22,1.4608323435695214,Harry Potter and the Prisoner of Azkaban 3.0
3,4.0,-0.013359502762284817,0.08983098889604897,-0.17925364178176695,0.14911327514248057,-0.04761012499291214,-0.013887384652380475,-0.04106984872818142,0.082880864071395,0.01584585642293312,0.06397490748875102,Harry Potter and the Prisoner of Azkaban,"^[^\S
]*([A-Z][^a-z]*)((?:
(?![^\S
]*[A-Z][^a-z
]*$).*)*)$",110954,22,1.4608323435695214,Harry Potter and the Prisoner of Azkaban 4.0
3,5.0,0.0018032104563900243,0.053907142995085235,-0.09623650122964962,0.2230698958140118,0.2971225745994201,-0.4268572283728366,0.1974677448578733,-0.012840941997718534,-0.13835828847985526,-0.03963634133235773,Harry Potter and the Prisoner of Azkaban,"^[^\S
]*([A-Z][^a-z]*)((?:
(?![^\S
]*[A-Z][^a-z
]*$).*)*)$",110954,22,1.4608323435695214,Harry Potter and the Prisoner of Azkaban 5.0
3,6.0,0.506671618961843,-0.10522492608798245,-0.018256337303203023,-0.0888236622285274,0.09698596388910076,0.04597250477092481,-0.04945195327943509,-0.13536217974053122,0.0011389516896422886,-0.0057578255677279986,Harry Potter and the Prisoner of Azkaban,"^[^\S
]*([A-Z][^a-z]*)((?:
(?![^\S
]*[A-Z][^a-z
]*$).*)*)$",110954,22,1.4608323435695214,Harry Potter and the Prisoner of Azkaban 6.0
3,7.0,0.051748639566527116,0.29376962368609505,0.15214892454659823,-0.19097574163701497,0.18949993788133102,-0.0816404648843215,-0.16405542858898814,-0.21616314016902322,0.037965009913645376,0.22939845053830313,Harry Potter and the Prisoner of Azkaban,"^[^\S
]*([A-Z][^a-z]*)((?:
(?![^\S
]*[A-Z][^a-z
]*$).*)*)$",110954,22,1.4608323435695214,Harry Potter and the Prisoner of Azkaban 7.0
3,8.0,0.12666475187896598,0.3297616416575686,0.10478669373843051,-0.008337988977952937,0.07207406237747295,0.10384487024170506,0.06418489965795521,-0.1473542825297315,-0.011270957982102446,0.08082826809649028,Harry Potter and the Prisoner of Azkaban,"^[^\S
]*([A-Z][^a-z]*)((?:
(?![^\S
]*[A-Z][^a-z
]*$).*)*)$",110954,22,1.4608323435695214,Harry Potter and the Prisoner of Azkaban 8.0
3,9.0,0.11386198356744506,0.3183939419047104,0.35331566304722023,0.1417611083295633,-0.12247569128257134,-0.01466429857344079,0.08925882562967678,-0.1689119402425157,-0.06005651555917944,0.0033354308891041656,Harry Potter and the Prisoner of Azkaban,"^[^\S
]*([A-Z][^a-z]*)((?:
(?![^\S
]*[A-Z][^a-z
]*$).*)*)$",110954,22,1.4608323435695214,Harry Potter and the Prisoner of Azkaban 9.0
3,10.0,0.3061583582689578,-0.09756386238459516,0.01977216708707007,0.04331211984084248,-0.004196998117897845,0.057980475747187114,0.27552981493598844,-0.16312850754554545,-0.004817028114233582,0.04732989185745065,Harry Potter and the Prisoner of Azkaban,"^[^\S
]*([A-Z][^a-z]*)((?:
(?![^\S
]*[A-Z][^a-z
]*$).*)*)$",110954,22,1.4608323435695214,Harry Potter and the Prisoner of Azkaban 10.0
3,11.0,0.3206668397332613,-0.04905893287901811,0.007271572573481079,0.02702591027468154,-0.0611320011891955,0.02945011232283959,0.10933439460994183,-0.09623870763311904,-0.014880244341817193,0.01884450301892957,Harry Potter and the Prisoner of Azkaban,"^[^\S
]*([A-Z][^a-z]*)((?:
(?![^\S
]*[A-Z][^a-z
]*$).*)*)$",110954,22,1.4608323435695214,Harry Potter and the Prisoner of Azkaban 11.0
3,12.0,0.04239806888521007,0.2294549107735418,0.10745890798388026,0.07227297868077866,-0.049437190804820244,0.09225716429301402,0.17799306480186103,-0.13438951059477025,0.022301480090470734,-0.0562172942479172,Harry Potter and the Prisoner of Azkaban,"^[^\S
]*([A-Z][^a-z]*)((?:
(?![^\S
]*[A-Z][^a-z
]*$).*)*)$",110954,22,1.4608323435695214,Harry Potter and the Prisoner of Azkaban 12.0
3,13.0,0.14372255829964548,0.24672883933281092,0.3629021198932826,0.395428619175326,-0.2649967325796123,0.08097893002764178,0.11788104594997269,-0.007758107487414682,-0.10181539440479768,-0.04668380186916535,Harry Potter and the Prisoner of Azkaban,"^[^\S
]*([A-Z][^a-z]*)((?:
(?![^\S
]*[A-Z][^a-z
]*$).*)*)$",110954,22,1.4608323435695214,Harry Potter and the Prisoner of Azkaban 13.0
3,14.0,0.2710071947903584,-0.10423301943656718,-0.16740616237641529,-0.05143696368786482,-0.0008904424857475342,0.018158709920403214,0.06461111846912505,-0.09033064632096782,0.05227848415887487,0.011916439951632902,Harry Potter and the Prisoner of Azkaban,"^[^\S
]*([A-Z][^a-z]*)((?:
(?![^\S
]*[A-Z][^a-z
]*$).*)*)$",110954,22,1.4608323435695214,Harry Potter and the Prisoner of Azkaban 14.0
3,15.0,0.21289830476896382,0.22121417079553318,0.33707524476997414,0.32555010075057045,-0.08607084053780703,0.14034877485040181,-0.0006880210532249891,-0.0007338843910288575,-0.06537027059565316,-0.04193847452377729,Harry Potter and the Prisoner of Azkaban,"^[^\S
]*([A-Z][^a-z]*)((?:
(?![^\S
]*[A-Z][^a-z
]*$).*)*)$",110954,22,1.4608323435695214,Harry Potter and the Prisoner of Azkaban 15.0
3,16.0,0.36959920717394273,-0.12519268163184,-0.10069836685555661,-0.08654957161713574,0.03836878598874931,0.06672705157798954,-0.03469445820464301,-0.046388613221332545,-0.025520541114574594,-0.03896310574247934,Harry Potter and the Prisoner of Azkaban,"^[^\S
]*([A-Z][^a-z]*)((?:
(?![^\S
]*[A-Z][^a-z
]*$).*)*)$",110954,22,1.4608323435695214,Harry Potter and the Prisoner of Azkaban 16.0
3,17.0,-0.1232865970546741,-0.16781278056837043,0.15034051596558767,0.13164347956907752,0.08461635069249167,-0.05063016064366419,-0.021931846418217004,-0.1493567441922257,0.17669658414705025,0.04264073061813103,Harry Potter and the Prisoner of Azkaban,"^[^\S
]*([A-Z][^a-z]*)((?:
(?![^\S
]*[A-Z][^a-z
]*$).*)*)$",110954,22,1.4608323435695214,Harry Potter and the Prisoner of Azkaban 17.0
3,18.0,-0.10183331938658446,-0.06532663131876758,-0.03709834138887891,-0.02979324107724223,0.015232135453512638,0.0582851432100088,0.1169039505896596,-0.03830608105003242,0.02939241943632122,0.06319065504449922,Harry Potter and the Prisoner of Azkaban,"^[^\S
]*([A-Z][^a-z]*)((?:
(?![^\S
]*[A-Z][^a-z
]*$).*)*)$",110954,22,1.4608323435695214,Harry Potter and the Prisoner of Azkaban 18.0
3,19.0,-0.15464517720404455,-0.17271853392371386,0.09833004965045766,0.08004182262957596,0.019191347848765902,0.07469314760966647,0.15221945275376061,-0.23270021777552508,0.14886489534017727,0.06378837584941707,Harry Potter and the Prisoner of Azkaban,"^[^\S
]*([A-Z][^a-z]*)((?:
(?![^\S
]*[A-Z][^a-z
]*$).*)*)$",110954,22,1.4608323435695214,Harry Potter and the Prisoner of Azkaban 19.0
3,20.0,-0.09954790784472578,-0.16937414017464103,0.17801207290847193,0.14640632093405243,0.09370007896456335,-0.0638326023169478,0.058017024506156784,-0.1752184489502253,0.16624030423256575,-0.03184376183740783,Harry Potter and the Prisoner of Azkaban,"^[^\S
]*([A-Z][^a-z]*)((?:
(?![^\S
]*[A-Z][^a-z
]*$).*)*)$",110954,22,1.4608323435695214,Harry Potter and the Prisoner of Azkaban 20.0
3,21.0,-0.0047879677749373475,-0.2010477023543469,0.13438798818515169,0.08009394451356057,0.10664852666082733,0.012470391703093674,0.1913429642027894,-0.2861261688831551,0.15709506964720818,-0.24616501238541516,Harry Potter and the Prisoner of Azkaban,"^[^\S
]*([A-Z][^a-z]*)((?:
(?![^\S
]*[A-Z][^a-z
]*$).*)*)$",110954,22,1.4608323435695214,Harry Potter and the Prisoner of Azkaban 21.0
3,22.0,0.0005427163988559816,0.07544041605068338,-0.14285628288121177,0.04247680487645475,0.0708308382634207,0.04661576573616927,0.15711165670256763,-0.2011615130017709,0.004448835969152796,0.00714729142149236,Harry Potter and the Prisoner of Azkaban,"^[^\S
]*([A-Z][^a-z]*)((?:
(?![^\S
]*[A-Z][^a-z
]*$).*)*)$",110954,22,1.4608323435695214,Harry Potter and the Prisoner of Azkaban 22.0
4,1.0,-0.213552734926287,-0.1459785937820859,0.00860151269021495,-0.07768642748144047,-0.0529359099332552,0.08675211977239694,-0.07544187689159887,0.03754101803186329,-0.20591882330156627,0.01391274785298191,Harry Potter and the Goblet of Fire,"^[^\S
]*([A-Z][^a-z]*)((?:
(?![^\S
]*[A-Z][^a-z
]*$).*)*)$",196367,37,1.441638200146314,Harry Potter and the Goblet of Fire 1.0
4,2.0,-0.162171557374035,-0.05524192672321097,-0.18387520507931257,0.07176999932590616,-0.07413642714042844,0.09295662825037655,-0.08668865986544799,-0.1296560024917929,-0.002278623337492656,-0.014695751619253144,Harry Potter and the Goblet of Fire,"^[^\S
]*([A-Z][^a-z]*)((?:
(?![^\S
]*[A-Z][^a-z
]*$).*)*)$",196367,37,1.441638200146314,Harry Potter and the Goblet of Fire 2.0
4,3.0,-0.04169926512602304,0.06469027465406481,-0.3111423126001056,0.1560357986865229,-0.09126622664312525,0.002378247213973321,-0.11650216369650028,-0.24385190423271028,-0.02185460749567452,-0.09449542825759653,Harry Potter and the Goblet of Fire,"^[^\S
]*([A-Z][^a-z]*)((?:
(?![^\S
]*[A-Z][^a-z
]*$).*)*)$",196367,37,1.441638200146314,Harry Potter and the Goblet of Fire 3.0
4,4.0,-0.10251487531554007,-0.06691840345783169,-0.14507127133656778,0.13477171566042417,-0.020361033759102448,-0.04519632317433868,-0.09405368980877951,-0.04396592068470179,0.05234086972904489,-0.0026034174427566306,Harry Potter and the Goblet of Fire,"^[^\S
]*([A-Z][^a-z]*)((?:
(?![^\S
]*[A-Z][^a-z
]*$).*)*)$",196367,37,1.441638200146314,Harry Potter and the Goblet of Fire 4.0
4,5.0,-0.05579843696435474,0.06605023142252704,-0.2382810372974279,0.2186933708603154,-0.12192000831837913,0.06338615770448397,-0.22230478181642888,0.0169315938002335,0.06627878812214205,0.0698687719654258,Harry Potter and the Goblet of Fire,"^[^\S
]*([A-Z][^a-z]*)((?:
(?![^\S
]*[A-Z][^a-z
]*$).*)*)$",196367,37,1.441638200146314,Harry Potter and the Goblet of Fire 5.0
4,6.0,-0.04639619593240125,0.04601485104376542,-0.04857415700888484,0.1685917023174704,-0.1567226011599774,0.03360989682342763,-0.05588770292849144,0.09528026836665388,-0.012628976962246137,-0.040114982842262066,Harry Potter and the Goblet of Fire,"^[^\S
]*([A-Z][^a-z]*)((?:
(?![^\S
]*[A-Z][^a-z
]*$).*)*)$",196367,37,1.441638200146314,Harry Potter and the Goblet of Fire 6.0
4,7.0,0.009088161575881548,0.10602407647398873,-0.056315660097859044,0.09619433953445798,0.0030369420313403513,-0.044729548325100024,0.014238687374669991,0.14348484080404975,0.00170487889003592,-0.06830807292077508,Harry Potter and the Goblet of Fire,"^[^\S
]*([A-Z][^a-z]*)((?:
(?![^\S
]*[A-Z][^a-z
]*$).*)*)$",196367,37,1.441638200146314,Harry Potter and the Goblet of Fire 7.0
4,8.0,0.0013550016363849254,0.20481789800941927,0.25208506215022647,0.08959224794350437,-0.2637107180718766,-0.2256674968360385,0.020920685209031776,0.03343468702730496,-0.02449978585442704,-0.10204717658102323,Harry Potter and the Goblet of Fire,"^[^\S
]*([A-Z][^a-z]*)((?:
(?![^\S
]*[A-Z][^a-z
]*$).*)*)$",196367,37,1.441638200146314,Harry Potter and the Goblet of Fire 8.0
4,9.0,-0.08508840426837937,-0.08493332267065007,0.15718606715184041,-0.05078308803066079,-0.0893849045161022,-0.113998453596661,-0.023597812673528385,-0.016776174046322305,0.08463854881307346,-0.3046256394898301,Harry Potter and the Goblet of Fire,"^[^\S
]*([A-Z][^a-z]*)((?:
(?![^\S
]*[A-Z][^a-z
]*$).*)*)$",196367,37,1.441638200146314,Harry Potter and the Goblet of Fire 9.0
4,10.0,-0.06192579127161271,0.09908502379887474,-0.27500839103536556,0.1297324769087698,-0.12767373912040178,0.1288595186220308,-0.1453147944819123,0.007067037075613763,-0.044152607162104146,-0.002439377820621893,Harry Potter and the Goblet of Fire,"^[^\S
]*([A-Z][^a-z]*)((?:
(?![^\S
]*[A-Z][^a-z
]*$).*)*)$",196367,37,1.441638200146314,Harry Potter and the Goblet of Fire 10.0
4,11.0,-0.02753033323387838,0.05546926825801636,-0.2612202669790882,0.199388200221341,0.1406482952313412,-0.32643088778827495,-0.0199245115394802,0.06588460457555415,-0.13998936928781033,-0.0656017320593188,Harry Potter and the Goblet of Fire,"^[^\S
]*([A-Z][^a-z]*)((?:
(?![^\S
]*[A-Z][^a-z
]*$).*)*)$",196367,37,1.441638200146314,Harry Potter and the Goblet of Fire 11.0
4,12.0,-0.0014356074022898713,0.11836161643417226,0.0870263389776337,0.02915098118169541,0.24589253293338126,-0.25329258311013664,0.009739626934695971,0.08708529191736913,0.04750424838991363,0.2864164505778302,Harry Potter and the Goblet of Fire,"^[^\S
]*([A-Z][^a-z]*)((?:
(?![^\S
]*[A-Z][^a-z
]*$).*)*)$",196367,37,1.441638200146314,Harry Potter and the Goblet of Fire 12.0
4,13.0,0.21852737282274765,-0.034295236594542186,-0.06945197282567286,-0.057813273275531867,0.10305851410771005,0.07431468055754975,-0.130710673442154,-0.01631326068890923,0.04403635294848844,-0.03321289214790909,Harry Potter and the Goblet of Fire,"^[^\S
]*([A-Z][^a-z]*)((?:
(?![^\S
]*[A-Z][^a-z
]*$).*)*)$",196367,37,1.441638200146314,Harry Potter and the Goblet of Fire 13.0
4,14.0,0.041172237508418266,0.20191095525006109,-0.06409057921548145,-0.09073932583242268,0.1595265838273801,0.16393286119281847,0.03425455388626245,-0.07416191097536118,0.030777842963677964,-0.051466691968458024,Harry Potter and the Goblet of Fire,"^[^\S
]*([A-Z][^a-z]*)((?:
(?![^\S
]*[A-Z][^a-z
]*$).*)*)$",196367,37,1.441638200146314,Harry Potter and the Goblet of Fire 14.0
4,15.0,0.050279748956843284,0.12023843870534036,-0.042627107280514144,-0.005496340472083914,0.21455827247269849,0.03052120920566379,-0.05975265930957995,-0.049514356827063906,0.09755483567624808,-0.07528375403717666,Harry Potter and the Goblet of Fire,"^[^\S
]*([A-Z][^a-z]*)((?:
(?![^\S
]*[A-Z][^a-z
]*$).*)*)$",196367,37,1.441638200146314,Harry Potter and the Goblet of Fire 15.0
4,16.0,0.30583648415238374,-0.06737286444468149,-0.10152169808569524,-0.054928535010765195,0.11710122054547337,-0.08892270074662809,0.033901161922445106,0.1366860213757859,0.05224222816989634,0.06791195399351094,Harry Potter and the Goblet of Fire,"^[^\S
]*([A-Z][^a-z]*)((?:
(?![^\S
]*[A-Z][^a-z
]*$).*)*)$",196367,37,1.441638200146314,Harry Potter and the Goblet of Fire 16.0
4,17.0,-0.06128593583591618,0.06896370766226428,-0.041719962207585934,-0.034126816252755356,0.10621107943399352,0.034776531796838275,0.05190718481828369,0.12546717605011143,0.06762466983133972,0.06113902887961588,Harry Potter and the Goblet of Fire,"^[^\S
]*([A-Z][^a-z]*)((?:
(?![^\S
]*[A-Z][^a-z
]*$).*)*)$",196367,37,1.441638200146314,Harry Potter and the Goblet of Fire 17.0
4,18.0,0.14192304135127512,0.14782724633973016,-0.10890863295031214,-0.09733214507875494,0.044483323629732056,0.06307098290119928,-0.0769559667175399,-0.08065246790182488,0.10130410764768158,-0.08095252944579275,Harry Potter and the Goblet of Fire,"^[^\S
]*([A-Z][^a-z]*)((?:
(?![^\S
]*[A-Z][^a-z
]*$).*)*)$",196367,37,1.441638200146314,Harry Potter and the Goblet of Fire 18.0
4,19.0,0.19321698517995814,-0.09802895483188545,-0.01055019952823285,-0.04777874478695203,0.04870050058948297,0.10647251472664043,-0.07482317252743612,0.18420624143898218,0.21838799988026114,-0.09410857114206109,Harry Potter and the Goblet of Fire,"^[^\S
]*([A-Z][^a-z]*)((?:
(?![^\S
]*[A-Z][^a-z
]*$).*)*)$",196367,37,1.441638200146314,Harry Potter and the Goblet of Fire 19.0
4,20.0,0.08765437711206774,0.011004315711241077,0.1271273615369473,0.09608309805592602,0.04234379411436473,0.06639373232404858,-0.15307769213191588,0.2175104036067368,0.23292354442771854,-0.10196648473631414,Harry Potter and the Goblet of Fire,"^[^\S
]*([A-Z][^a-z]*)((?:
(?![^\S
]*[A-Z][^a-z
]*$).*)*)$",196367,37,1.441638200146314,Harry Potter and the Goblet of Fire 20.0
4,21.0,-0.021453871631112204,0.216139213226739,0.051797464505283816,-0.2998825568921243,-0.3197083148009831,-0.29296964563573735,-0.11927805531732052,-0.15182648815690888,0.041079974753365466,-0.04608522306587654,Harry Potter and the Goblet of Fire,"^[^\S
]*([A-Z][^a-z]*)((?:
(?![^\S
]*[A-Z][^a-z
]*$).*)*)$",196367,37,1.441638200146314,Harry Potter and the Goblet of Fire 21.0
4,22.0,0.3099425425466237,0.0638270578162583,-0.07007209687388985,-0.09688981637521672,0.12091034813759943,0.063379436353597,-0.031519262166913725,0.06358651814746459,-0.012621564284149756,0.040816861125837794,Harry Potter and the Goblet of Fire,"^[^\S
]*([A-Z][^a-z]*)((?:
(?![^\S
]*[A-Z][^a-z
]*$).*)*)$",196367,37,1.441638200146314,Harry Potter and the Goblet of Fire 22.0
4,23.0,0.0921439467438491,0.16775727590294712,-0.030444088321904976,-0.11910119655565224,-0.08551316749038891,-0.14873222138825626,-0.031450359598008085,0.12855947946161267,0.05788641353525632,-0.05451042803143713,Harry Potter and the Goblet of Fire,"^[^\S
]*([A-Z][^a-z]*)((?:
(?![^\S
]*[A-Z][^a-z
]*$).*)*)$",196367,37,1.441638200146314,Harry Potter and the Goblet of Fire 23.0
4,24.0,0.405160323026606,-0.14874884076323344,-0.14875612026221172,-0.12607796772776872,0.022152912474187415,0.030650255439208553,0.04715176319195723,0.021837947599322324,-0.012530775849205748,-0.0017035888292709946,Harry Potter and the Goblet of Fire,"^[^\S
]*([A-Z][^a-z]*)((?:
(?![^\S
]*[A-Z][^a-z
]*$).*)*)$",196367,37,1.441638200146314,Harry Potter and the Goblet of Fire 24.0
4,25.0,-0.04237654231061816,0.04782248092812575,0.1568603367979399,-9.504194065926286e-05,0.16384685427453155,-0.1306190975390532,-0.09408336086894309,-0.10270209171622699,0.15285494042365333,0.3937952310966055,Harry Potter and the Goblet of Fire,"^[^\S
]*([A-Z][^a-z]*)((?:
(?![^\S
]*[A-Z][^a-z
]*$).*)*)$",196367,37,1.441638200146314,Harry Potter and the Goblet of Fire 25.0
4,26.0,0.13499360238409955,-0.0009661319799037643,0.10626988671289735,-0.12688620296705358,-0.04634482160408654,-0.18624558234184702,-0.10457871724559956,-0.017199709705016823,0.23140899298687947,-0.02133267242665717,Harry Potter and the Goblet of Fire,"^[^\S
]*([A-Z][^a-z]*)((?:
(?![^\S
]*[A-Z][^a-z
]*$).*)*)$",196367,37,1.441638200146314,Harry Potter and the Goblet of Fire 26.0
4,27.0,-0.025653863409748567,0.124698409664998,-0.08133582382360793,-0.09589959883286708,0.05802903661937729,0.08800869358356178,0.10597149267385994,-0.16235159053832698,0.01662525980595253,-0.021405605817100395,Harry Potter and the Goblet of Fire,"^[^\S
]*([A-Z][^a-z]*)((?:
(?![^\S
]*[A-Z][^a-z
]*$).*)*)$",196367,37,1.441638200146314,Harry Potter and the Goblet of Fire 27.0
4,28.0,0.3227300431406359,-0.17224780987180333,-0.10147312135246447,-0.06269727756965078,-0.009199152758571732,0.0018888171564939923,-0.03289388168298357,-0.20194846735215183,-0.04814902495956273,-0.10942866583797696,Harry Potter and the Goblet of Fire,"^[^\S
]*([A-Z][^a-z]*)((?:
(?![^\S
]*[A-Z][^a-z
]*$).*)*)$",196367,37,1.441638200146314,Harry Potter and the Goblet of Fire 28.0
4,29.0,-0.008060243532870938,0.026762883398271597,-0.009962638855420475,0.0667341546974574,0.09069931769409095,0.13206917977997895,-0.13874984153613973,-0.1706899344009127,-0.05676302627531348,-0.1252504261792627,Harry Potter and the Goblet of Fire,"^[^\S
]*([A-Z][^a-z]*)((?:
(?![^\S
]*[A-Z][^a-z
]*$).*)*)$",196367,37,1.441638200146314,Harry Potter and the Goblet of Fire 29.0
4,30.0,-0.1572036965725449,-0.036936715091862526,0.023337272278088156,-0.04656942617208752,0.06079057769626236,-0.006301961797588479,0.259115457691316,-0.18582055774171174,0.03753167297824626,-0.04515308252355159,Harry Potter and the Goblet of Fire,"^[^\S
]*([A-Z][^a-z]*)((?:
(?![^\S
]*[A-Z][^a-z
]*$).*)*)$",196367,37,1.441638200146314,Harry Potter and the Goblet of Fire 30.0
4,31.0,-0.05157537490714269,-0.02790649531282991,0.09667332467404643,-0.002362090896029986,0.049185861420699216,0.026454887446083947,-0.02886565832144808,0.0011578829378788473,0.05446246973466362,-0.19569203340062544,Harry Potter and the Goblet of Fire,"^[^\S
]*([A-Z][^a-z]*)((?:
(?![^\S
]*[A-Z][^a-z
]*$).*)*)$",196367,37,1.441638200146314,Harry Potter and the Goblet of Fire 31.0
4,32.0,-0.16436798584692427,-0.1541976709475538,0.10356512563881584,-0.02826255208044996,0.07117956894230917,-0.05263819839400244,-0.27290710059396167,-0.02960593016051838,0.008378245486398058,0.15479723610373608,Harry Potter and the Goblet of Fire,"^[^\S
]*([A-Z][^a-z]*)((?:
(?![^\S
]*[A-Z][^a-z
]*$).*)*)$",196367,37,1.441638200146314,Harry Potter and the Goblet of Fire 32.0
4,33.0,-0.25048183006105623,-0.3010134461425874,0.14014727401530197,-0.1859216944012552,-0.0514997968594996,0.07803453047099188,0.07136037107986182,-0.07252966506970884,-0.30916969094051927,0.12676644553183666,Harry Potter and the Goblet of Fire,"^[^\S
]*([A-Z][^a-z]*)((?:
(?![^\S
]*[A-Z][^a-z
]*$).*)*)$",196367,37,1.441638200146314,Harry Potter and the Goblet of Fire 33.0
4,34.0,-0.16749742156585395,-0.2000853879022325,0.22102332884893483,0.05667313765404447,0.08485486918338866,-0.02922336187997083,-0.08297693659428747,0.05296748833861016,0.12448105671836757,0.04705045311299601,Harry Potter and the Goblet of Fire,"^[^\S
]*([A-Z][^a-z]*)((?:
(?![^\S
]*[A-Z][^a-z
]*$).*)*)$",196367,37,1.441638200146314,Harry Potter and the Goblet of Fire 34.0
4,35.0,-0.17628859562948757,-0.15762621285373282,0.07927336053513881,-0.1170463858755701,-0.06160393516933173,0.024783055459202837,0.14824109139749309,-0.12917350131264413,-0.12337401002247594,0.19264858196105042,Harry Potter and the Goblet of Fire,"^[^\S
]*([A-Z][^a-z]*)((?:
(?![^\S
]*[A-Z][^a-z
]*$).*)*)$",196367,37,1.441638200146314,Harry Potter and the Goblet of Fire 35.0
4,36.0,-0.1378820481490502,-0.06172685831668231,0.07211498208693476,-0.009752105217088776,0.06185939932473433,0.02421953122513643,0.18832064544124627,-0.052760820602099134,0.10400888063554925,0.142513081165559,Harry Potter and the Goblet of Fire,"^[^\S
]*([A-Z][^a-z]*)((?:
(?![^\S
]*[A-Z][^a-z
]*$).*)*)$",196367,37,1.441638200146314,Harry Potter and the Goblet of Fire 36.0
4,37.0,0.41911435074777004,-0.18622074735245098,-0.1610385065120562,-0.04778729537042187,0.0211525543874782,-0.0957349137747253,0.10982720335420595,0.051692730407652904,-0.10072265520025128,0.03144722192832712,Harry Potter and the Goblet of Fire,"^[^\S
]*([A-Z][^a-z]*)((?:
(?![^\S
]*[A-Z][^a-z
]*$).*)*)$",196367,37,1.441638200146314,Harry Potter and the Goblet of Fire 37.0
5,1.0,-0.11487575734377685,-0.07791611752464217,-0.06532613880776719,0.10526451908680341,-0.004803446011826376,0.013806153270265568,0.019727405360770587,-0.048395745137845156,0.11130560592195464,-0.04786747866607213,Harry Potter and the Order of the Phoenix,"^[^\S
]*([A-Z][^a-z]*)((?:
(?![^\S
]*[A-Z][^a-z
]*$).*)*)$",264622,38,1.392982233938535,Harry Potter and the Order of the Phoenix 1.0
5,2.0,-0.1372595787958281,-0.06952941721120054,-0.24564745764437984,0.19394455444382813,-0.08751564431240742,0.06704825964246243,0.11283114523366154,-0.4106148118735779,0.14745014437791196,-0.020882817642769825,Harry Potter and the Order of the Phoenix,"^[^\S
]*([A-Z][^a-z]*)((?:
(?![^\S
]*[A-Z][^a-z
]*$).*)*)$",264622,38,1.392982233938535,Harry Potter and the Order of the Phoenix 2.0
5,3.0,-0.14066877109596324,-0.02524785572946559,-0.20499596908301412,0.2751967554183697,-0.0918899338603435,-0.03882720337532693,-0.1367153636429384,-0.09743976643764801,0.023260440063519995,0.002967736246895473,Harry Potter and the Order of the Phoenix,"^[^\S
]*([A-Z][^a-z]*)((?:
(?![^\S
]*[A-Z][^a-z
]*$).*)*)$",264622,38,1.392982233938535,Harry Potter and the Order of the Phoenix 3.0
5,4.0,-0.11434967464880952,0.016755264575926423,-0.21758963584440782,0.10445250038965875,-0.04224222674789193,0.05939005948879215,0.10252067765743683,-0.0857612634230055,0.05530098225329439,0.033501957693997365,Harry Potter and the Order of the Phoenix,"^[^\S
]*([A-Z][^a-z]*)((?:
(?![^\S
]*[A-Z][^a-z
]*$).*)*)$",264622,38,1.392982233938535,Harry Potter and the Order of the Phoenix 4.0
5,5.0,-0.11510042249752556,0.017544589855508906,-0.22607414489765093,0.004485167980968681,-0.008274900354913194,0.06410749932736863,0.03421346624996725,0.029572125605629156,0.00012707160012248586,0.08180411640769167,Harry Potter and the Order of the Phoenix,"^[^\S
]*([A-Z][^a-z]*)((?:
(?![^\S
]*[A-Z][^a-z
]*$).*)*)$",264622,38,1.392982233938535,Harry Potter and the Order of the Phoenix 5.0
5,6.0,-0.13918995740880935,0.0023039860845870883,-0.1543783868430304,-0.0442822795976994,-0.10703467443188205,0.08096841538492605,0.07350818586835797,-0.025002249508010936,-0.05491413514335816,0.11503122852948847,Harry Potter and the Order of the Phoenix,"^[^\S
]*([A-Z][^a-z]*)((?:
(?![^\S
]*[A-Z][^a-z
]*$).*)*)$",264622,38,1.392982233938535,Harry Potter and the Order of the Phoenix 6.0
5,7.0,-0.07760368007462314,0.07452532423894451,-0.0712616820907873,0.11551841355520925,0.12463883915524372,-0.13674247789563826,0.05027589924073215,0.01925143452398206,0.08713757095552933,-0.052882142718093134,Harry Potter and the Order of the Phoenix,"^[^\S
]*([A-Z][^a-z]*)((?:
(?![^\S
]*[A-Z][^a-z
]*$).*)*)$",264622,38,1.392982233938535,Harry Potter and the Order of the Phoenix 7.0
5,8.0,-0.09205763642548014,-0.010464330357767396,-0.05406286992537082,0.06830340828884428,0.06484650173162594,0.014347993594170107,0.4019480758062207,-0.3554361284457881,0.15638636651964305,-0.042256778668326715,Harry Potter and the Order of the Phoenix,"^[^\S
]*([A-Z][^a-z]*)((?:
(?![^\S
]*[A-Z][^a-z
]*$).*)*)$",264622,38,1.392982233938535,Harry Potter and the Order of the Phoenix 8.0
5,9.0,-0.08405678924818873,0.0851184989579894,-0.2876528422395805,0.11349106662325534,-0.05204750996233632,0.08683920535516769,-0.04501623522683912,-0.018954272903719233,0.005182011973960706,0.024125674371784006,Harry Potter and the Order of the Phoenix,"^[^\S
]*([A-Z][^a-z]*)((?:
(?![^\S
]*[A-Z][^a-z
]*$).*)*)$",264622,38,1.392982233938535,Harry Potter and the Order of the Phoenix 9.0
5,10.0,-0.027472827588533606,0.05562050582870382,-0.12317694199022149,0.24065496557863833,0.21988066613937968,-0.32688282046656064,0.09548125392940779,0.010386844200225249,-0.043948901600309925,-0.12210667767947737,Harry Potter and the Order of the Phoenix,"^[^\S
]*([A-Z][^a-z]*)((?:
(?![^\S
]*[A-Z][^a-z
]*$).*)*)$",264622,38,1.392982233938535,Harry Potter and the Order of the Phoenix 10.0
5,11.0,-0.018913444637296824,0.08179222365617718,-0.01708229077778881,0.0021135592841555655,0.22039720286296344,-0.1965194719140398,0.12446139509499844,0.14305856506363748,-0.08312553115255426,0.03948690154072167,Harry Potter and the Order of the Phoenix,"^[^\S
]*([A-Z][^a-z]*)((?:
(?![^\S
]*[A-Z][^a-z
]*$).*)*)$",264622,38,1.392982233938535,Harry Potter and the Order of the Phoenix 11.0
5,12.0,0.1033544933090517,0.38717463548234066,-0.022096882933227625,-0.19710874240550466,0.27611089256341537,0.20525588996335165,-0.11345777365710116,-0.048516398469025605,0.03974412956356407,0.08402298394020348,Harry Potter and the Order of the Phoenix,"^[^\S
]*([A-Z][^a-z]*)((?:
(?![^\S
]*[A-Z][^a-z
]*$).*)*)$",264622,38,1.392982233938535,Harry Potter and the Order of the Phoenix 12.0
5,13.0,0.07974102172481225,0.25698522956417413,-0.03740671070231004,-0.04453043377551098,0.1612680358148365,0.2505207198099163,-0.033217446558479045,0.0179070400165895,0.026209868186764983,-0.11356076254858222,Harry Potter and the Order of the Phoenix,"^[^\S
]*([A-Z][^a-z]*)((?:
(?![^\S
]*[A-Z][^a-z
]*$).*)*)$",264622,38,1.392982233938535,Harry Potter and the Order of the Phoenix 13.0
5,14.0,0.039240329682388886,0.20851839920451687,-0.1000913515498378,0.15117393563365084,0.015178662887911257,0.1497165347604905,0.003655766323469329,-0.09865119957200495,-0.013912279840869398,-0.1211437710201086,Harry Potter and the Order of the Phoenix,"^[^\S
]*([A-Z][^a-z]*)((?:
(?![^\S
]*[A-Z][^a-z
]*$).*)*)$",264622,38,1.392982233938535,Harry Potter and the Order of the Phoenix 14.0
5,15.0,0.09445836407996736,0.30505017279163504,-0.05841087514960026,-0.16269324787428596,0.26533530239219333,0.2240230996594992,-0.05566229201770033,-0.04896164929515012,-0.013179126529120185,-0.045721345620553897,Harry Potter and the Order of the Phoenix,"^[^\S
]*([A-Z][^a-z]*)((?:
(?![^\S
]*[A-Z][^a-z
]*$).*)*)$",264622,38,1.392982233938535,Harry Potter and the Order of the Phoenix 15.0
5,16.0,0.020371010607649988,0.13784844199605406,-0.15037418954733983,-0.06342649294714571,0.06018475626553417,0.1288493457327804,0.10737603084609812,0.12113393488833463,0.08447326948298453,-0.05314035563383154,Harry Potter and the Order of the Phoenix,"^[^\S
]*([A-Z][^a-z]*)((?:
(?![^\S
]*[A-Z][^a-z
]*$).*)*)$",264622,38,1.392982233938535,Harry Potter and the Order of the Phoenix 16.0
5,17.0,0.10917488488337135,0.32897872786822074,0.041269182731656896,-0.0039453191911651714,0.15187201753467605,0.15401870344397053,0.026634833919078782,-0.03038148974951111,-0.03485762373387565,0.029672995557396643,Harry Potter and the Order of the Phoenix,"^[^\S
]*([A-Z][^a-z]*)((?:
(?![^\S
]*[A-Z][^a-z
]*$).*)*)$",264622,38,1.392982233938535,Harry Potter and the Order of the Phoenix 17.0
5,18.0,0.012352458249443702,0.32952306633664386,0.17235783932349077,-0.13410982208828334,-0.23854174555150168,-0.16584372245937856,-0.07340090243334588,-0.06960338549160504,0.08420901882819683,-0.05523592816817333,Harry Potter and the Order of the Phoenix,"^[^\S
]*([A-Z][^a-z]*)((?:
(?![^\S
]*[A-Z][^a-z
]*$).*)*)$",264622,38,1.392982233938535,Harry Potter and the Order of the Phoenix 18.0
5,19.0,0.07562470839461892,0.2285164858055431,0.31584162379224434,0.3408044188644842,-0.11066741426527722,0.14581017747799382,0.055169324965625516,0.14136215869836716,-0.0904313796091225,-0.0002669339419318559,Harry Potter and the Order of the Phoenix,"^[^\S
]*([A-Z][^a-z]*)((?:
(?![^\S
]*[A-Z][^a-z
]*$).*)*)$",264622,38,1.392982233938535,Harry Potter and the Order of the Phoenix 19.0
5,20.0,0.6656245769132835,-0.40669225350657845,-0.08558356805146289,-0.08071053579453268,-0.08071701605449307,-0.049709639982812776,-0.014635819377768842,-0.05300134226800135,0.018450909737682375,0.14681284357457816,Harry Potter and the Order of the Phoenix,"^[^\S
]*([A-Z][^a-z]*)((?:
(?![^\S
]*[A-Z][^a-z
]*$).*)*)$",264622,38,1.392982233938535,Harry Potter and the Order of the Phoenix 20.0
5,21.0,0.306836086156357,-0.07508777629108798,0.012227953540889049,-0.11863683407671925,0.1517115091403245,0.1288367046420279,-0.04150151318255119,-0.08430252387630534,-0.11632057303451697,-0.16067181670171096,Harry Potter and the Order of the Phoenix,"^[^\S
]*([A-Z][^a-z]*)((?:
(?![^\S
]*[A-Z][^a-z
]*$).*)*)$",264622,38,1.392982233938535,Harry Potter and the Order of the Phoenix 21.0
5,22.0,-0.16626220437868544,-0.03776165692332116,-0.046767862546683095,-0.01957314671120785,0.1296869586212802,0.014827722645986995,-0.15943256052398264,-0.017413672469953984,-0.20692800918037077,0.007029862907870579,Harry Potter and the Order of the Phoenix,"^[^\S
]*([A-Z][^a-z]*)((?:
(?![^\S
]*[A-Z][^a-z
]*$).*)*)$",264622,38,1.392982233938535,Harry Potter and the Order of the Phoenix 22.0
5,23.0,-0.1661886491645386,-0.004805974182299959,-0.16731568365496768,0.03347939897438908,0.06814559429487753,0.0066862282609112065,-0.11081304556678061,-0.020389820167976767,-0.2644301795483642,-0.035478551110029705,Harry Potter and the Order of the Phoenix,"^[^\S
]*([A-Z][^a-z]*)((?:
(?![^\S
]*[A-Z][^a-z
]*$).*)*)$",264622,38,1.392982233938535,Harry Potter and the Order of the Phoenix 23.0
5,24.0,-0.1500566565082225,0.06771363846660852,0.004172582319650779,-0.17183745408480466,0.01412725374130087,0.016430417964448378,-0.14393244257838908,-0.03674892331482074,-0.09193120863868527,-0.026428347867955927,Harry Potter and the Order of the Phoenix,"^[^\S
]*([A-Z][^a-z]*)((?:
(?![^\S
]*[A-Z][^a-z
]*$).*)*)$",264622,38,1.392982233938535,Harry Potter and the Order of the Phoenix 24.0
5,25.0,0.13509640340929807,0.05901849834386757,-0.17767738890062545,-0.10237784146747884,0.028403426402466347,0.14544221351629458,0.12440727296253881,0.0458837176700215,0.028174776598996035,-0.02392477348227886,Harry Potter and the Order of the Phoenix,"^[^\S
]*([A-Z][^a-z]*)((?:
(?![^\S
]*[A-Z][^a-z
]*$).*)*)$",264622,38,1.392982233938535,Harry Potter and the Order of the Phoenix 25.0
5,26.0,-0.02985008959647611,0.11160109806807317,-0.023934654356734645,0.036013033651284665,0.02864815188709215,0.14015035556395933,0.05459984391630385,0.03226645829267589,-0.0572750561576798,-0.04488362582493077,Harry Potter and the Order of the Phoenix,"^[^\S
]*([A-Z][^a-z]*)((?:
(?![^\S
]*[A-Z][^a-z
]*$).*)*)$",264622,38,1.392982233938535,Harry Potter and the Order of the Phoenix 26.0
5,27.0,-0.01160440188880488,0.12809780332847948,0.05912479908479271,-0.1716277325485607,0.05196197003299971,0.05440546874720106,0.05161503023406854,-0.026185308539814194,0.08060625843923541,-0.16570525287114446,Harry Potter and the Order of the Phoenix,"^[^\S
]*([A-Z][^a-z]*)((?:
(?![^\S
]*[A-Z][^a-z
]*$).*)*)$",264622,38,1.392982233938535,Harry Potter and the Order of the Phoenix 27.0
5,28.0,0.020094743839751034,0.2143257265718678,0.07804287631232404,-0.03525868374253052,0.1178564909883986,0.08100413765911184,0.0013726812110873843,0.026733586720593772,0.09963961763373436,-0.07433608602889848,Harry Potter and the Order of the Phoenix,"^[^\S
]*([A-Z][^a-z]*)((?:
(?![^\S
]*[A-Z][^a-z
]*$).*)*)$",264622,38,1.392982233938535,Harry Potter and the Order of the Phoenix 28.0
5,29.0,0.003041144504548109,0.2140783910649411,-0.056527058876979105,-0.09007168522186744,0.18267125640337117,0.15047238832747167,0.000992475373277485,0.07481719346822888,0.05847042354084625,-0.006063723194612436,Harry Potter and the Order of the Phoenix,"^[^\S
]*([A-Z][^a-z]*)((?:
(?![^\S
]*[A-Z][^a-z
]*$).*)*)$",264622,38,1.392982233938535,Harry Potter and the Order of the Phoenix 29.0
5,30.0,0.6325876700609661,-0.41499385950541334,0.014181479004846499,-0.08684836330126999,-0.049758411405952295,-0.01593307101725584,0.020228973581392307,-0.0442642502723244,-0.07602515530172876,-0.07823086173677042,Harry Potter and the Order of the Phoenix,"^[^\S
]*([A-Z][^a-z]*)((?:
(?![^\S
]*[A-Z][^a-z
]*$).*)*)$",264622,38,1.392982233938535,Harry Potter and the Order of the Phoenix 30.0
5,31.0,0.06544489825631762,0.12579654762455308,0.011732211705783268,-0.029811102855815338,0.16656786379673796,0.2108228506759562,-0.037219174510897554,0.1149108597315538,0.09236258763741909,-0.15227938347197,Harry Potter and the Order of the Phoenix,"^[^\S
]*([A-Z][^a-z]*)((?:
(?![^\S
]*[A-Z][^a-z
]*$).*)*)$",264622,38,1.392982233938535,Harry Potter and the Order of the Phoenix 31.0
5,32.0,-0.10732392915963006,0.000594037277947974,0.058558310271393306,-0.06162775924181124,0.060435852230447173,0.030153922530556387,0.14430550381588197,-0.010902233275367334,0.0429268761024072,0.15898507287264368,Harry Potter and the Order of the Phoenix,"^[^\S
]*([A-Z][^a-z]*)((?:
(?![^\S
]*[A-Z][^a-z
]*$).*)*)$",264622,38,1.392982233938535,Harry Potter and the Order of the Phoenix 32.0
5,33.0,-0.026328016428097987,-0.21198549175521042,0.2127690697242816,0.06769200040786306,0.06106991239349592,0.04851673062778342,-0.03303901360797632,-0.02985637584135622,0.023309316096741865,-0.40085074880285915,Harry Potter and the Order of the Phoenix,"^[^\S
]*([A-Z][^a-z]*)((?:
(?![^\S
]*[A-Z][^a-z
]*$).*)*)$",264622,38,1.392982233938535,Harry Potter and the Order of the Phoenix 33.0
5,34.0,-0.13341365266041605,-0.0498165794094149,0.10964567615637752,0.05243460838398229,0.15059633292060237,-0.04684742356588281,-0.026795133978838485,0.05561198222399457,0.1806734997286218,-0.038506448844700725,Harry Potter and the Order of the Phoenix,"^[^\S
]*([A-Z][^a-z]*)((?:
(?![^\S
]*[A-Z][^a-z
]*$).*)*)$",264622,38,1.392982233938535,Harry Potter and the Order of the Phoenix 34.0
5,35.0,-0.17056750278049937,-0.15319223531582765,0.22832656762800357,0.10629041662719482,0.1040829657582103,0.018375079748475735,-0.06310786707141623,0.033107237120582576,0.1997983487974307,0.003015140056887451,Harry Potter and the Order of the Phoenix,"^[^\S
]*([A-Z][^a-z]*)((?:
(?![^\S
]*[A-Z][^a-z
]*$).*)*)$",264622,38,1.392982233938535,Harry Potter and the Order of the Phoenix 35.0
5,36.0,-0.23426247258371585,-0.22942302510116241,0.21975471490542292,0.006990751901035026,0.030090745149134228,0.01804833229323258,-0.08369041869043986,-0.008101175008291678,0.034655333515131316,0.06740776959221334,Harry Potter and the Order of the Phoenix,"^[^\S
]*([A-Z][^a-z]*)((?:
(?![^\S
]*[A-Z][^a-z
]*$).*)*)$",264622,38,1.392982233938535,Harry Potter and the Order of the Phoenix 36.0
5,37.0,-0.223093725817938,-0.1596083090146901,0.03600813141326027,-0.11874945716199156,-0.04436205568677218,0.15319959817483092,0.25572931933102344,0.0358543063578206,-0.10839355724408169,0.058194440611755355,Harry Potter and the Order of the Phoenix,"^[^\S
]*([A-Z][^a-z]*)((?:
(?![^\S
]*[A-Z][^a-z
]*$).*)*)$",264622,38,1.392982233938535,Harry Potter and the Order of the Phoenix 37.0
5,38.0,0.12337188520428863,-0.03332832021909049,-0.04822436541414642,-0.06960674155173621,0.046951320351341586,-0.15868207620145228,0.16063042255242707,0.06759784916504269,-0.052794412257477275,-0.04170871851340187,Harry Potter and the Order of the Phoenix,"^[^\S
]*([A-Z][^a-z]*)((?:
(?![^\S
]*[A-Z][^a-z
]*$).*)*)$",264622,38,1.392982233938535,Harry Potter and the Order of the Phoenix 38.0
6,1.0,-0.06277904097539802,0.015558462506557466,-0.06600738545158809,-0.0554544439931801,0.0246401218344144,0.07985588556310808,0.18180161405490092,0.015101337808649494,0.022552034425096665,-0.03011275091140752,Harry Potter and the Half-Blood Prince,"^[^\S
]*([A-Z][^a-z]*)((?:
(?![^\S
]*[A-Z][^a-z
]*$).*)*)$",174090,30,1.1530785256982985,Harry Potter and the Half-Blood Prince 1.0
6,2.0,-0.19664249684051976,-0.17759048861324728,0.0003660401214353511,-0.04198248300800841,-0.06630681484435179,0.07428648989116488,0.13028009462735507,0.029649539500467087,0.0009957363471623207,0.13588575420988055,Harry Potter and the Half-Blood Prince,"^[^\S
]*([A-Z][^a-z]*)((?:
(?![^\S
]*[A-Z][^a-z
]*$).*)*)$",174090,30,1.1530785256982985,Harry Potter and the Half-Blood Prince 2.0
6,3.0,-0.17495821985584264,0.005988100105890794,-0.24068520448708475,-0.0008807092170467542,-0.1334849102053846,-0.04503352814720889,-0.028777400712123712,-0.05466151705233541,-0.01868888323905322,-0.009350908492509781,Harry Potter and the Half-Blood Prince,"^[^\S
]*([A-Z][^a-z]*)((?:
(?![^\S
]*[A-Z][^a-z
]*$).*)*)$",174090,30,1.1530785256982985,Harry Potter and the Half-Blood Prince 3.0
6,4.0,-0.1086389426744959,0.05663492233731736,-0.07245016159187334,-0.1594797361242067,-0.10889278774066956,-0.06606650683041364,0.04586580319119192,0.04302809956681647,0.06341331683465996,-0.0931186059059255,Harry Potter and the Half-Blood Prince,"^[^\S
]*([A-Z][^a-z]*)((?:
(?![^\S
]*[A-Z][^a-z
]*$).*)*)$",174090,30,1.1530785256982985,Harry Potter and the Half-Blood Prince 4.0
6,5.0,-0.06266110050248425,0.11362291688431848,-0.27356062146225557,0.026021251766703658,0.043075468372313054,0.08696356985865364,-0.0708923211184328,0.05859407185471264,0.065408461631792,-0.015352109569499912,Harry Potter and the Half-Blood Prince,"^[^\S
]*([A-Z][^a-z]*)((?:
(?![^\S
]*[A-Z][^a-z
]*$).*)*)$",174090,30,1.1530785256982985,Harry Potter and the Half-Blood Prince 5.0
6,6.0,0.05996128870176008,-0.007881258306388542,-0.19196410883464501,-0.027144019934252153,-0.051925378434192204,-0.05800763506982655,0.003353314576301553,0.14039922020356602,0.10075677563588507,0.09632679957264953,Harry Potter and the Half-Blood Prince,"^[^\S
]*([A-Z][^a-z]*)((?:
(?![^\S
]*[A-Z][^a-z
]*$).*)*)$",174090,30,1.1530785256982985,Harry Potter and the Half-Blood Prince 6.0
6,7.0,-0.04853992201501452,0.08279207489525299,-0.2221343202981843,0.15349176894937694,0.224226884882389,-0.31433800581310134,0.10947646379100962,0.13432888933329556,-0.14146543000195974,-0.1032980979588314,Harry Potter and the Half-Blood Prince,"^[^\S
]*([A-Z][^a-z]*)((?:
(?![^\S
]*[A-Z][^a-z
]*$).*)*)$",174090,30,1.1530785256982985,Harry Potter and the Half-Blood Prince 7.0
6,8.0,0.10940087799564059,-0.04468393389176401,-0.0633655480462534,0.0322915816286977,0.22170138109487486,-0.28553540147029355,0.11619155938443437,0.14207069659008859,-0.12293901649907793,-0.06899241134010277,Harry Potter and the Half-Blood Prince,"^[^\S
]*([A-Z][^a-z]*)((?:
(?![^\S
]*[A-Z][^a-z
]*$).*)*)$",174090,30,1.1530785256982985,Harry Potter and the Half-Blood Prince 8.0
6,9.0,0.05447561121892899,0.3534223112433469,-0.004470531958077305,-0.24196237305138088,0.08900849442904697,0.11797764613794254,-0.12116071132046712,0.06352103207466245,0.07382883192148265,0.07231334712684369,Harry Potter and the Half-Blood Prince,"^[^\S
]*([A-Z][^a-z]*)((?:
(?![^\S
]*[A-Z][^a-z
]*$).*)*)$",174090,30,1.1530785256982985,Harry Potter and the Half-Blood Prince 9.0
6,10.0,-0.15210865799852227,0.07928993678056545,0.0697996565139505,-0.3005486256674108,-0.18778969609061416,-0.14893387358234245,-0.04444102024539347,-0.032668466352503533,-0.03155793821639758,-0.16523029400098382,Harry Potter and the Half-Blood Prince,"^[^\S
]*([A-Z][^a-z]*)((?:
(?![^\S
]*[A-Z][^a-z
]*$).*)*)$",174090,30,1.1530785256982985,Harry Potter and the Half-Blood Prince 10.0
6,11.0,0.3739965657883434,0.03636252996945195,-0.0228249014165772,0.06415196349723805,-0.07770645618514797,0.03847739555192484,0.04727159719677793,0.08583765315045205,-0.10498816925358975,-0.01288630707550048,Harry Potter and the Half-Blood Prince,"^[^\S
]*([A-Z][^a-z]*)((?:
(?![^\S
]*[A-Z][^a-z
]*$).*)*)$",174090,30,1.1530785256982985,Harry Potter and the Half-Blood Prince 11.0
6,12.0,-0.006438537802007243,0.06390023202021194,-0.037851820515658864,-0.014730128187274453,0.007657233362227088,0.10981514235695532,0.03902513023531839,0.13879375725842044,0.07081196070677155,0.03879839788846198,Harry Potter and the Half-Blood Prince,"^[^\S
]*([A-Z][^a-z]*)((?:
(?![^\S
]*[A-Z][^a-z
]*$).*)*)$",174090,30,1.1530785256982985,Harry Potter and the Half-Blood Prince 12.0
6,13.0,-0.10208406183433474,0.15579973811341646,-0.04875945457019812,-0.25418698975956433,-0.1915026687676911,-0.19304381767816658,0.07377151335678199,0.012702722206274292,0.060704550970566054,-0.06938159670408127,Harry Potter and the Half-Blood Prince,"^[^\S
]*([A-Z][^a-z]*)((?:
(?![^\S
]*[A-Z][^a-z
]*$).*)*)$",174090,30,1.1530785256982985,Harry Potter and the Half-Blood Prince 13.0
6,14.0,0.08823137408059326,0.22182536256451152,0.27956410637994256,0.3027881961892647,-0.18607709572067815,0.14347362451151635,0.07385147310770958,0.1432552320742896,-0.12703885115841246,0.06389845015837228,Harry Potter and the Half-Blood Prince,"^[^\S
]*([A-Z][^a-z]*)((?:
(?![^\S
]*[A-Z][^a-z
]*$).*)*)$",174090,30,1.1530785256982985,Harry Potter and the Half-Blood Prince 14.0
6,15.0,0.025573376982703264,0.22024391679350866,-0.018913523435276847,-0.16936084153837694,0.08778580956747757,0.12886371447206885,0.07205936341800863,0.17014204998126212,-0.039294650498561484,0.014434947633691233,Harry Potter and the Half-Blood Prince,"^[^\S
]*([A-Z][^a-z]*)((?:
(?![^\S
]*[A-Z][^a-z
]*$).*)*)$",174090,30,1.1530785256982985,Harry Potter and the Half-Blood Prince 15.0
6,16.0,-0.10296806658130167,0.06057555047227689,-0.20628445351104718,-0.001939469052120897,-0.07166483720647458,0.055615142172292756,0.0035667057419030783,0.14611985892293844,-0.08185676979312408,0.02026651996625577,Harry Potter and the Half-Blood Prince,"^[^\S
]*([A-Z][^a-z]*)((?:
(?![^\S
]*[A-Z][^a-z
]*$).*)*)$",174090,30,1.1530785256982985,Harry Potter and the Half-Blood Prince 16.0
6,17.0,-0.09029491841236996,0.1603153835679602,-0.02120329105576365,-0.29490378936167694,-0.13745774159013233,-0.10870438523348856,0.0870362587958612,0.07556903929259089,0.02111336584432712,-0.07424554288832153,Harry Potter and the Half-Blood Prince,"^[^\S
]*([A-Z][^a-z]*)((?:
(?![^\S
]*[A-Z][^a-z
]*$).*)*)$",174090,30,1.1530785256982985,Harry Potter and the Half-Blood Prince 17.0
6,18.0,-0.021370079635417705,0.24412112025872681,-0.0017270043153333188,-0.20067973249591964,0.057895469210495855,0.03216950064219204,-0.06585667619507801,0.03840504629836937,-0.014007159185220556,0.07565538385504879,Harry Potter and the Half-Blood Prince,"^[^\S
]*([A-Z][^a-z]*)((?:
(?![^\S
]*[A-Z][^a-z
]*$).*)*)$",174090,30,1.1530785256982985,Harry Potter and the Half-Blood Prince 18.0
6,19.0,0.37405951658451614,-0.06091615749411315,0.17619641435890068,0.05948028661212139,-0.0931916854790211,0.06933663217762731,0.13409309080370477,0.011635990791694285,-0.16889891348585276,0.21028820483627175,Harry Potter and the Half-Blood Prince,"^[^\S
]*([A-Z][^a-z]*)((?:
(?![^\S
]*[A-Z][^a-z
]*$).*)*)$",174090,30,1.1530785256982985,Harry Potter and the Half-Blood Prince 19.0
6,20.0,-0.05863202092851372,0.1949946443727771,0.003581261119613755,-0.2952992587856121,-0.14978933941696299,-0.13970486516546243,0.15907983936697423,0.091261382896717,-0.03587792115932457,-0.061110796967218745,Harry Potter and the Half-Blood Prince,"^[^\S
]*([A-Z][^a-z]*)((?:
(?![^\S
]*[A-Z][^a-z
]*$).*)*)$",174090,30,1.1530785256982985,Harry Potter and the Half-Blood Prince 20.0
6,21.0,-0.0007964813293187996,0.21680003507078668,0.006285827863298181,-0.23778493840152123,-0.0034211260037206696,0.09393529048823217,0.12465466839856909,-0.030843665820420106,-0.04420589031705963,-0.0005947346024961185,Harry Potter and the Half-Blood Prince,"^[^\S
]*([A-Z][^a-z]*)((?:
(?![^\S
]*[A-Z][^a-z
]*$).*)*)$",174090,30,1.1530785256982985,Harry Potter and the Half-Blood Prince 21.0
6,22.0,0.2734973825300303,-0.11638701636750892,-0.021537544456995454,-0.20427809708930939,-0.06278918106330617,0.004455198116555555,0.007041928493513001,0.053290014876615346,-0.07256329443918327,-0.047627365249431175,Harry Potter and the Half-Blood Prince,"^[^\S
]*([A-Z][^a-z]*)((?:
(?![^\S
]*[A-Z][^a-z
]*$).*)*)$",174090,30,1.1530785256982985,Harry Potter and the Half-Blood Prince 22.0
6,23.0,-0.16152988962613668,0.07887859358604721,0.10156050677292372,-0.4055859975814572,-0.2948310696183751,-0.16683766698560856,0.09576834767920431,0.037481243752846255,-0.10338853328166615,-0.03826080499446065,Harry Potter and the Half-Blood Prince,"^[^\S
]*([A-Z][^a-z]*)((?:
(?![^\S
]*[A-Z][^a-z
]*$).*)*)$",174090,30,1.1530785256982985,Harry Potter and the Half-Blood Prince 23.0
6,24.0,0.04014798519288084,0.23174313969617916,0.18572099465041164,0.05940400818941791,-0.1271943005446642,0.11929294440103769,0.007261427837949735,0.20948907253195026,-0.06371927620697418,0.0019282176489909403,Harry Potter and the Half-Blood Prince,"^[^\S
]*([A-Z][^a-z]*)((?:
(?![^\S
]*[A-Z][^a-z
]*$).*)*)$",174090,30,1.1530785256982985,Harry Potter and the Half-Blood Prince 24.0
6,25.0,-0.06482223684225273,0.08895544956288118,0.040636220590572855,-0.14152926238870994,0.00361258281344589,0.04005178259962601,0.08338149850775585,0.1160857684012084,0.011466819265520446,0.03862873346119267,Harry Potter and the Half-Blood Prince,"^[^\S
]*([A-Z][^a-z]*)((?:
(?![^\S
]*[A-Z][^a-z
]*$).*)*)$",174090,30,1.1530785256982985,Harry Potter and the Half-Blood Prince 25.0
6,26.0,-0.1142763217935296,-0.037509342813115784,0.2128670817083349,-0.17973646083901762,-0.03969825532119382,-0.2448262694132705,-0.12606112600136057,-0.0402192363144001,0.26808912127645984,0.04984174485469442,Harry Potter and the Half-Blood Prince,"^[^\S
]*([A-Z][^a-z]*)((?:
(?![^\S
]*[A-Z][^a-z
]*$).*)*)$",174090,30,1.1530785256982985,Harry Potter and the Half-Blood Prince 26.0
6,27.0,-0.09803910394720469,-0.06540255998555772,0.14292460968427656,-0.03277293844690947,-0.13888047063649253,-0.03645294843785694,0.03607265747543731,0.008713321090246648,0.13472876094264247,0.054962648205946374,Harry Potter and the Half-Blood Prince,"^[^\S
]*([A-Z][^a-z]*)((?:
(?![^\S
]*[A-Z][^a-z
]*$).*)*)$",174090,30,1.1530785256982985,Harry Potter and the Half-Blood Prince 27.0
6,28.0,0.13805380226849553,-0.35726622933701685,0.17383789027900892,0.05991393639953109,0.0009770903890529287,-0.04160554856766859,-0.0011527537300406957,0.0315466010696382,0.14997370988903494,0.11397067137020983,Harry Potter and the Half-Blood Prince,"^[^\S
]*([A-Z][^a-z]*)((?:
(?![^\S
]*[A-Z][^a-z
]*$).*)*)$",174090,30,1.1530785256982985,Harry Potter and the Half-Blood Prince 28.0
6,29.0,-0.0010823875963926928,-0.0943336174279942,0.05931412513528994,-0.08679456260975274,0.08058876823723349,0.024555534361083403,0.1746921806185898,0.04686879960859089,-0.03346285941266095,0.11187326144977236,Harry Potter and the Half-Blood Prince,"^[^\S
]*([A-Z][^a-z]*)((?:
(?![^\S
]*[A-Z][^a-z
]*$).*)*)$",174090,30,1.1530785256982985,Harry Potter and the Half-Blood Prince 29.0
6,30.0,-0.055461003741182915,-0.04667438394135406,0.06046364037997415,-0.07758625074475886,0.11089558349830034,0.006385576152370748,-0.0034686836353274957,0.22660670479744954,0.0068061235800406135,-0.14082100199506078,Harry Potter and the Half-Blood Prince,"^[^\S
]*([A-Z][^a-z]*)((?:
(?![^\S
]*[A-Z][^a-z
]*$).*)*)$",174090,30,1.1530785256982985,Harry Potter and the Half-Blood Prince 30.0
7,1.0,-0.22073937233930882,-0.22827660315796464,0.10771802863499487,-0.05262968939876041,0.028901934405756897,0.03275807714660351,-0.11525843265050535,0.11830706024518886,-0.1433917384961778,-0.05328968704436251,Harry Potter and the Deathly Hallows,"^[^\S
]*([A-Z][^a-z]*)((?:
(?![^\S
]*[A-Z][^a-z
]*$).*)*)$",203859,37,0.8033613358357042,Harry Potter and the Deathly Hallows 1.0
7,2.0,-0.09402286137361682,-0.009201395250478236,-0.2155360733704303,-0.023160215322466662,-0.11936755436144406,0.025204140997029483,0.02081575314047776,0.16289920378978506,-0.007564442059539989,-0.027846517981234567,Harry Potter and the Deathly Hallows,"^[^\S
]*([A-Z][^a-z]*)((?:
(?![^\S
]*[A-Z][^a-z
]*$).*)*)$",203859,37,0.8033613358357042,Harry Potter and the Deathly Hallows 2.0
7,3.0,-0.14742614499762502,-0.05389176576473136,-0.0907978015439369,0.018905247873966195,-0.06714134732485984,-0.0032095386834218457,0.16249965422826637,-0.01706936487565227,0.008360282554491737,0.011776122289508504,Harry Potter and the Deathly Hallows,"^[^\S
]*([A-Z][^a-z]*)((?:
(?![^\S
]*[A-Z][^a-z
]*$).*)*)$",203859,37,0.8033613358357042,Harry Potter and the Deathly Hallows 3.0
7,4.0,-0.034337998874565505,-0.1612360232526014,0.05095841713952249,0.20197951944515993,-0.06329457213965037,0.030131802810706064,-0.11851657550269437,0.02835403416103385,0.13743162620685614,0.04610199444856681,Harry Potter and the Deathly Hallows,"^[^\S
]*([A-Z][^a-z]*)((?:
(?![^\S
]*[A-Z][^a-z
]*$).*)*)$",203859,37,0.8033613358357042,Harry Potter and the Deathly Hallows 4.0
7,5.0,-0.09520700644321309,-0.20155477087428325,-0.01752646237021567,0.12018933811713199,-0.11790181851360335,0.08632186872953317,-0.028865019445263956,0.05473235332677743,0.07907432207584306,0.00629771898762416,Harry Potter and the Deathly Hallows,"^[^\S
]*([A-Z][^a-z]*)((?:
(?![^\S
]*[A-Z][^a-z
]*$).*)*)$",203859,37,0.8033613358357042,Harry Potter and the Deathly Hallows 5.0
7,6.0,-0.1246653851558292,-0.006316085712512488,-0.14899596910233473,-0.02991104499985497,-0.06935100315956873,0.11013660715079583,0.024571643317266308,0.17232332011409499,-0.015962101580986255,0.00898698423742806,Harry Potter and the Deathly Hallows,"^[^\S
]*([A-Z][^a-z]*)((?:
(?![^\S
]*[A-Z][^a-z
]*$).*)*)$",203859,37,0.8033613358357042,Harry Potter and the Deathly Hallows 6.0
7,7.0,0.06694619557948195,-0.03839896274781075,-0.1699836777007735,0.05139364605771295,-0.10017569375913639,0.06414216358720705,-0.047926911454473434,0.19273656454449165,-0.013657686676831718,-0.03137728468789407,Harry Potter and the Deathly Hallows,"^[^\S
]*([A-Z][^a-z]*)((?:
(?![^\S
]*[A-Z][^a-z
]*$).*)*)$",203859,37,0.8033613358357042,Harry Potter and the Deathly Hallows 7.0
7,8.0,-0.10971973350152049,0.009074567500191253,-0.04181611035418996,0.008391676236682882,0.05512668207016746,-0.042747313149388,0.06004899507363903,0.19839789838352234,-0.031594561584456574,-0.031147718849028797,Harry Potter and the Deathly Hallows,"^[^\S
]*([A-Z][^a-z]*)((?:
(?![^\S
]*[A-Z][^a-z
]*$).*)*)$",203859,37,0.8033613358357042,Harry Potter and the Deathly Hallows 8.0
7,9.0,-0.20488889860902343,-0.18372441674078605,0.07140071383501928,0.05188709875016812,0.023778533293944394,0.0005898514903575494,-0.07550831974958572,0.08821604558874553,0.21139456613101942,0.05294112589750107,Harry Potter and the Deathly Hallows,"^[^\S
]*([A-Z][^a-z]*)((?:
(?![^\S
]*[A-Z][^a-z
]*$).*)*)$",203859,37,0.8033613358357042,Harry Potter and the Deathly Hallows 9.0
7,10.0,-0.2188571360014378,-0.09188692524615943,-0.0982168592939483,-0.04571738090631889,-0.19552731735427764,0.1076942594253375,0.022935980026776784,-0.14431841253959782,-0.1267432117161486,0.23836265872264226,Harry Potter and the Deathly Hallows,"^[^\S
]*([A-Z][^a-z]*)((?:
(?![^\S
]*[A-Z][^a-z
]*$).*)*)$",203859,37,0.8033613358357042,Harry Potter and the Deathly Hallows 10.0
7,11.0,-0.21677274291338125,-0.1187813835835279,-0.13133472820448083,-0.008752738871475905,-0.13307537118428595,0.1229737660926605,0.059155603180545524,0.048718218333747995,-0.03775759130508345,0.11920474886382315,Harry Potter and the Deathly Hallows,"^[^\S
]*([A-Z][^a-z]*)((?:
(?![^\S
]*[A-Z][^a-z
]*$).*)*)$",203859,37,0.8033613358357042,Harry Potter and the Deathly Hallows 11.0
7,12.0,-0.16258993186970677,-0.00944040553573948,-0.15059712896403424,0.013767507539712271,0.010573450243635693,0.050307251776740294,0.008229860591764001,0.09157668181806682,0.047113506319792366,0.12506500998354927,Harry Potter and the Deathly Hallows,"^[^\S
]*([A-Z][^a-z]*)((?:
(?![^\S
]*[A-Z][^a-z
]*$).*)*)$",203859,37,0.8033613358357042,Harry Potter and the Deathly Hallows 12.0
7,13.0,-0.14940692437124753,-0.0654863460079851,-0.001218321247960714,0.061071627832887235,0.14243602888823914,-0.005729517689378795,0.24350693100980192,-0.15929253766495347,0.14107611086243838,-0.04064163558232328,Harry Potter and the Deathly Hallows,"^[^\S
]*([A-Z][^a-z]*)((?:
(?![^\S
]*[A-Z][^a-z
]*$).*)*)$",203859,37,0.8033613358357042,Harry Potter and the Deathly Hallows 13.0
7,14.0,-0.14111427592437237,-0.13038915814607907,0.02454911184770838,-0.016012024829443947,0.00360850929722991,0.06914926467143608,-0.04882515249847588,0.008414560974174685,-0.0032237707870694946,-0.14383062469609656,Harry Potter and the Deathly Hallows,"^[^\S
]*([A-Z][^a-z]*)((?:
(?![^\S
]*[A-Z][^a-z
]*$).*)*)$",203859,37,0.8033613358357042,Harry Potter and the Deathly Hallows 14.0
7,15.0,-0.13371981502652722,-0.10503316044910531,0.018797344013563616,-0.014513101249886355,0.029779765794607244,0.11982674095993553,0.14795584980555,-0.022284749514043543,-0.01905606110132473,-0.11780648717667334,Harry Potter and the Deathly Hallows,"^[^\S
]*([A-Z][^a-z]*)((?:
(?![^\S
]*[A-Z][^a-z
]*$).*)*)$",203859,37,0.8033613358357042,Harry Potter and the Deathly Hallows 15.0
7,16.0,-0.1602941750047503,-0.046519887229967534,-0.0683852645256808,-0.07293434471495182,-0.033311803997876296,0.11124412114652768,0.0698823034087197,0.16937693627120232,-0.001066897821296849,-0.09178040780709049,Harry Potter and the Deathly Hallows,"^[^\S
]*([A-Z][^a-z]*)((?:
(?![^\S
]*[A-Z][^a-z
]*$).*)*)$",203859,37,0.8033613358357042,Harry Potter and the Deathly Hallows 16.0
7,17.0,-0.2689046976848557,-0.264467163370462,0.15977993678508973,-0.038739718225887856,0.10044904713411304,0.041752074363002774,-0.3349915825794473,-0.05284364819461821,-0.3142678488522541,0.008809730404047107,Harry Potter and the Deathly Hallows,"^[^\S
]*([A-Z][^a-z]*)((?:
(?![^\S
]*[A-Z][^a-z
]*$).*)*)$",203859,37,0.8033613358357042,Harry Potter and the Deathly Hallows 17.0
7,18.0,-0.15724186701257487,-0.083895429045599,-0.1751040999226306,-0.06019317321793997,-0.15942083181037062,0.08760316987220693,0.11356401102977486,0.09933672920664505,-0.09843417010743524,0.07518451571151388,Harry Potter and the Deathly Hallows,"^[^\S
]*([A-Z][^a-z]*)((?:
(?![^\S
]*[A-Z][^a-z
]*$).*)*)$",203859,37,0.8033613358357042,Harry Potter and the Deathly Hallows 18.0
7,19.0,-0.1362347954357331,-0.21095768010662413,0.1650576614692034,-0.02590296380331751,0.07242777968489815,0.04783647296277545,-0.05902230920074081,-0.0011706889495210566,-0.008503258957977197,-0.24934452977502963,Harry Potter and the Deathly Hallows,"^[^\S
]*([A-Z][^a-z]*)((?:
(?![^\S
]*[A-Z][^a-z
]*$).*)*)$",203859,37,0.8033613358357042,Harry Potter and the Deathly Hallows 19.0
7,20.0,-0.10993722353191909,-0.002448303674310195,-0.1094705040985497,-0.006705302228613348,-0.044279327860136726,0.1033419429630689,-0.036755518818410056,0.11961459507840116,0.042811190337362644,-0.12141696302920824,Harry Potter and the Deathly Hallows,"^[^\S
]*([A-Z][^a-z]*)((?:
(?![^\S
]*[A-Z][^a-z
]*$).*)*)$",203859,37,0.8033613358357042,Harry Potter and the Deathly Hallows 20.0
7,21.0,-0.16137510255010165,-0.0997903553825965,-0.10566241988475913,0.029147071034803042,-0.08436886285004594,0.016811865205654374,0.025146961836395705,0.08599906013927527,0.022291433078216853,0.15435211454944653,Harry Potter and the Deathly Hallows,"^[^\S
]*([A-Z][^a-z]*)((?:
(?![^\S
]*[A-Z][^a-z
]*$).*)*)$",203859,37,0.8033613358357042,Harry Potter and the Deathly Hallows 21.0
7,22.0,-0.17851076197889265,-0.09825458355665928,-0.059580910159122556,-0.07134101558885234,-0.10261865698935611,0.12316017868131655,0.16712808205525914,0.0841069312543783,-0.031780875678739065,0.08415052809931124,Harry Potter and the Deathly Hallows,"^[^\S
]*([A-Z][^a-z]*)((?:
(?![^\S
]*[A-Z][^a-z
]*$).*)*)$",203859,37,0.8033613358357042,Harry Potter and the Deathly Hallows 22.0
7,23.0,-0.21494928679650538,-0.2225027463775876,0.16186127427788474,0.0543557224787251,0.021640051199451383,0.04633703756504181,-0.04379980225795349,0.06582621930386126,0.1433507760883483,0.011114259512118396,Harry Potter and the Deathly Hallows,"^[^\S
]*([A-Z][^a-z]*)((?:
(?![^\S
]*[A-Z][^a-z
]*$).*)*)$",203859,37,0.8033613358357042,Harry Potter and the Deathly Hallows 23.0
7,24.0,-0.2048539685505853,-0.19375348489473762,0.02066234293307899,-0.014768704095220056,-0.050838050933742024,0.02741470488820928,-0.018464386284890593,0.11515613542042755,0.10204466657679251,0.00032821945739265265,Harry Potter and the Deathly Hallows,"^[^\S
]*([A-Z][^a-z]*)((?:
(?![^\S
]*[A-Z][^a-z
]*$).*)*)$",203859,37,0.8033613358357042,Harry Potter and the Deathly Hallows 24.0
7,25.0,-0.14520429521978473,-0.030976334992768837,-0.14566451510138428,-0.006003296684394684,-0.10995434406495685,0.10607741483169056,-0.04816082894134171,0.12250572219589156,-0.05386617681939594,0.0232241864448111,Harry Potter and the Deathly Hallows,"^[^\S
]*([A-Z][^a-z]*)((?:
(?![^\S
]*[A-Z][^a-z
]*$).*)*)$",203859,37,0.8033613358357042,Harry Potter and the Deathly Hallows 25.0
7,26.0,-0.07075562165657703,-0.15690828100952905,0.087276525106159,0.027946280088019654,-0.0066197284237759155,-0.005095600521062001,-0.13894725703934166,0.21852305087122947,0.3370637874480806,-0.012292743031608922,Harry Potter and the Deathly Hallows,"^[^\S
]*([A-Z][^a-z]*)((?:
(?![^\S
]*[A-Z][^a-z
]*$).*)*)$",203859,37,0.8033613358357042,Harry Potter and the Deathly Hallows 26.0
7,27.0,-0.05501883958581245,-0.1977266702886908,0.12204374017649126,0.004751727533914294,-0.006352500058604613,-0.032168232363030125,-0.193384299203209,0.19906678754806204,0.3084815779564186,-0.030377444111004334,Harry Potter and the Deathly Hallows,"^[^\S
]*([A-Z][^a-z]*)((?:
(?![^\S
]*[A-Z][^a-z
]*$).*)*)$",203859,37,0.8033613358357042,Harry Potter and the Deathly Hallows 27.0
7,28.0,-0.11402613555991017,-0.16527090814120066,-0.08808106940226554,0.06546147556819207,-0.0767358281228706,-0.016978601890868247,0.19278726408415015,-0.04001380209218446,0.15737666040450468,0.13404942258470628,Harry Potter and the Deathly Hallows,"^[^\S
]*([A-Z][^a-z]*)((?:
(?![^\S
]*[A-Z][^a-z
]*$).*)*)$",203859,37,0.8033613358357042,Harry Potter and the Deathly Hallows 28.0
7,29.0,-0.09381380173561754,-0.10570980540177155,0.06511329300717461,0.015093781358368903,0.08506542747759664,0.007898642093480998,-0.0041736627765605605,0.10124215073236531,0.051400693240420604,0.011804939945508805,Harry Potter and the Deathly Hallows,"^[^\S
]*([A-Z][^a-z]*)((?:
(?![^\S
]*[A-Z][^a-z
]*$).*)*)$",203859,37,0.8033613358357042,Harry Potter and the Deathly Hallows 29.0
7,30.0,-0.1395072765273483,-0.09367456104984988,0.1376395890094059,0.012541648023510914,0.04695169179411957,0.039960393886192894,0.07583106376533127,0.08251137774967371,0.08751291590262385,0.18883294258700994,Harry Potter and the Deathly Hallows,"^[^\S
]*([A-Z][^a-z]*)((?:
(?![^\S
]*[A-Z][^a-z
]*$).*)*)$",203859,37,0.8033613358357042,Harry Potter and the Deathly Hallows 30.0
7,31.0,-0.05533757437675294,-0.19865934374523547,0.19968791467181893,0.03589282186830278,0.05309959690255209,0.008471888059034635,0.02017676923945141,0.07829405506238307,0.08874352683518599,-0.010652508040853175,Harry Potter and the Deathly Hallows,"^[^\S
]*([A-Z][^a-z]*)((?:
(?![^\S
]*[A-Z][^a-z
]*$).*)*)$",203859,37,0.8033613358357042,Harry Potter and the Deathly Hallows 31.0
7,32.0,-0.234736153940249,-0.3203307288134535,0.2816942939976489,-0.044462985351415844,0.142871144966164,0.06948597006425791,-0.12823362403748856,-0.12726873177263381,-0.206491618983545,-0.00508718970613741,Harry Potter and the Deathly Hallows,"^[^\S
]*([A-Z][^a-z]*)((?:
(?![^\S
]*[A-Z][^a-z
]*$).*)*)$",203859,37,0.8033613358357042,Harry Potter and the Deathly Hallows 32.0
7,33.0,-0.1753411578882034,-0.13374441213282307,0.057194020246997886,-0.05903066511537683,0.04013844154037312,0.0630255743212728,0.15315932209198319,0.0669029990139191,-0.08380423437801485,-0.06039279777422717,Harry Potter and the Deathly Hallows,"^[^\S
]*([A-Z][^a-z]*)((?:
(?![^\S
]*[A-Z][^a-z
]*$).*)*)$",203859,37,0.8033613358357042,Harry Potter and the Deathly Hallows 33.0
7,34.0,-0.17760935771982822,-0.30209887372605476,0.2157371592183896,-0.07807618019021553,0.09307512633315872,0.0562625173653776,-0.05968816243251546,-0.07518299518435015,-0.23730740916645238,-0.1706740432374459,Harry Potter and the Deathly Hallows,"^[^\S
]*([A-Z][^a-z]*)((?:
(?![^\S
]*[A-Z][^a-z
]*$).*)*)$",203859,37,0.8033613358357042,Harry Potter and the Deathly Hallows 34.0
7,35.0,-0.20934008157979955,-0.19708913708331594,0.010729693911209474,-0.13132450783416008,-0.13010197557803665,0.03612508388670026,0.21455859286126708,0.1229447966274492,-0.15012339659707546,0.07829168374491938,Harry Potter and the Deathly Hallows,"^[^\S
]*([A-Z][^a-z]*)((?:
(?![^\S
]*[A-Z][^a-z
]*$).*)*)$",203859,37,0.8033613358357042,Harry Potter and the Deathly Hallows 35.0
7,36.0,-0.17020954275218741,-0.2834910748658091,0.24293309557225617,-0.09291636340451835,0.04377553746068586,0.039798824407745806,0.059217631714386564,0.006516418199226944,-0.16359786510325885,0.06668873077583551,Harry Potter and the Deathly Hallows,"^[^\S
]*([A-Z][^a-z]*)((?:
(?![^\S
]*[A-Z][^a-z
]*$).*)*)$",203859,37,0.8033613358357042,Harry Potter and the Deathly Hallows 36.0
7,37.0,-0.06390369636243824,-0.0006103108752839211,-0.1795634992465842,0.2249310837994707,0.11160724519149876,-0.3757588210167216,0.10471333397535068,0.003356322022138567,-0.17190669343767354,0.008314810420543713,Harry Potter and the Deathly Hallows,"^[^\S
]*([A-Z][^a-z]*)((?:
(?![^\S
]*[A-Z][^a-z
]*$).*)*)$",203859,37,0.8033613358357042,Harry Potter and the Deathly Hallows 37.0
